track_id,artist,title,lengthSeconds
TRATSCZ12903CDAF86,Edge of Sanity,The Silent Threat,249
TRATSDF128F93023EB,Inkubus Sukkubus,Storm,218
TRATSFS12903D03730,Dave Evans,Circular line,248
TRATSGT12903CDC943,Julie Andrews,Just You Wait,173
TRATSJR128EF34E1F3,Ours,Nina se réveille,228
TRATSKB12903CBCB27,Kyoto Jazz Massive,Endless Flight,222
TRATSMF128F92ED742,The Herbaliser,The Missing Suitcase,194
TRATSNJ12903D0A109,Spock's Beard,Broken Promise Land (Bonus Track),267
TRATSRJ128F934312F,Karl Jenkins,Agnus Dei,387
TRATTFD128F92F416F,Marcelo D2,Pilotando O Bonde da Excursao,154
TRATTGV12903CD1A58,Aria,Posledny Zakat,307
TRATTKA128F92F6AFA,Karsh Kale,Empty Hands,217
TRATTMO12903CE0459,Adolescents,The Liar,211
TRATTMV128F426836E,Wanda Jackson,Good Rockin' Tonight,366
TRATTNC128F9309BB3,The Redwalls,How The Story Goes,283
TRATTQX128F428DF29,Looptroop,In the Place to Be,284
TRATTWU128F42B356F,Intro,Intro,287
TRATTZQ128F42283C5,Excel,Whatcha need,287
TRATTZU128E0798513,Blind Melon,Soak The Sin (Live) (2005 Digital Remaster),208
TRATUCH12903CDFD5B,The Whispers,"Shake It, Shake It",123
TRATUHZ128F932847B,Vince Guaraldi Trio,Softly As In A Morning Sunrise,286
TRATUJK128F429C591,Old Town School Of Folk Music,Old McDonald,234
TRATUKH128F426305B,Piemont,Montmartre,247
TRATULJ128F426BBB2,Vienio & Pele,Chce Zyc,332
TRATUON128F92EC9D9,Billy Ocean,Everyday Sunshine,349
TRATUOQ128F9313C57,Vince Guaraldi Trio,My Little Drum,197
TRATVHE128F934ABD2,Flotsam and Jetsam,Flotzilla,172
TRATVQJ128F9309581,Hellfish,Deck fuel,340
TRATVQK128F425450D,Glenn Medeiros,Knocking at Your Door,171
TRATWOM128EF35A552,Jorge Ben Jor,W Brasil -Club Dance Version,260
TRATXBY128F931174B,The Midway State,A Million Fireflies,244
TRATXCW128F92E0576,J. Tillman,Take Care,117
TRATXIY12903CD8318,Hurricane Chris featuring Beenie Man,No Worries,174
TRATXKU128F14A3619,The Stingers ATX,What A Wonderfull Dub,371
TRATXMR128F92E108B,Stephen Malkmus,Baby C'mon,142
TRATXPM128F92F15A1,The Bobbettes,Mr. Lee,169
TRATXQY128F1489B0C,Tiga,3 Weeks (Jesper Dahlback Mix),314
TRATXSV12903CC1F0A,Pete Berwick,While I Die (Pete Berwick),238
TRATYHL128F1469E29,Alliance Ethnik,Époque scolaire (interlude),104
TRATYLI128F9324AF3,Daniele Silvestri,Salirò,245
TRATYQE128F4293A7D,Dave Douglas,Woman at Point Zero,176
TRATZLP128F421C574,Shawn Christopher,Don't Lose The Magic [The Cube Guys Dub],197
TRATZZO128F930CEDE,Vicious,Root Of Extinsion,366
TRAUAHD128F425C85D,Grzegorz Turnau,Naprawde Nie Dzieje Sie Nic (Live),324
TRAUAIN128F14863BA,Pierre-Laurent Aimard,Etudes Symphoniques [Symphonic Studies] Op.13 : XIII Appended Variation 5,240
TRAUALK128F92C5100,Daisy Chainsaw,Greatest God's Divine,229
TRAUANB128F4263571,MC Eiht,All for the Money,186
TRAUARW12903CE70B0,Tommy Emmanuel,(The Man With The) Green Thumb,308
TRAUBAO128F92FC23D,T-Rock,Little Or Nuthin',130
TRAUBDT128F9311E92,Elisa,The Big Dipper,301
TRAUBNC128F933EB78,Covenant,Ritual Noise (Edit),230
TRAUBPL128F93285BA,ASP,"Der Geheimnisvolle Fremde (Ja, Ja, Drei Mal Hurra!)",276
TRAUBPN128F9312AAA,23 Skidoo,Coup (In The Palace),234
TRAUBWG128F4287B01,Soledad Brothers,Up Jumped The Devil,319
TRAUBZO128F148C2C0,Los Papines,A Santiago,255
TRAUCDL128F42774C3,Ordinary Peoples,Rockville,228
TRAUCGD128F92DA6EB,Transglobal Underground,Border Control,253
TRAUCMQ128F427506B,Turbonegro,No Rule,211
TRAUCOU128F42289D1,Taio Cruz,Come on Girl (radio edit) (feat. Luciana),214
TRAUDBO128F92DF470,Daniele Silvestri,Monetine,288
TRAUDBU128F9313CBB,Reverend Horton Heat,If It Ain't Got Rhythm,166
TRAUDCS128E078866D,Ruth Brown,As Long As I'm Moving (LP Version),225
TRAUDFY128F9355693,Current,A Cotton Pickers Dream,298
TRAUDJF128F428FA58,Discount,Runaway,293
TRAUDNS128F92F64C7,Johnny DJ,Liebe,268
TRAUDPF128F14A1166,Andy Prinz,Chaos in Motion (original mix),249
TRAUDSV128E07863F9,LCD Soundsystem,Too Much Love,200
TRAUDXB128F9305525,Inkubus Sukkubus,Lucifer Rising,218
TRAUEGH128F4242EFF,Kyuss,Shine,173
TRAUEGN128F9307238,Lester Quitzau,Let It Shine,168
TRAUENB128F9302207,Dan Deacon,Red F,266
TRAUEQC128F93321F1,Julie Andrews,He Loves And She Loves,222
TRAUERZ128F933832E,Stealers Wheel,Stuck In The Middle With You,234
TRAUFEH12903CF4243,Vital Remains,Scorned,294
TRAUFHP128F933E28F,Asobi Seksu,Nefi + Girly,85
TRAUFKT128F14812FF,Breaks Co-op,A Place For You,371
TRAUFMU128F935F235,Jawbox,FF=66,184
TRAUFNY128F9308217,Plasmic Honey,I'm A Believer (Peter Bailey Mix),311
TRAUFXV128F4266645,Ralph Stanley,Distant Land To Roam,266
TRAUFZM128F4290117,Odd Nosdam,Freakout 3,185
TRAUGAU128F930DF58,Infinito 2017,83rd Ashland,190
TRAUGMT128F9303449,Solar Stone,Solarcoaster,233
TRAUGOE128F422AB81,Doug Ploss,Jerusalem Run,182
TRAUGWA128F14661A9,DC Talk,What If I Stumble (Freakshow Live Album Version),234
TRAUGXB12903CD0B9A,Dead Or Alive,That's The Way (I Like It),192
TRAUHDJ128F4260191,Vital Remains,Isolated Magick,182
TRAUHFH128F14813AC,David Lanz,Madre De La Tierra,332
TRAUHSY12903CFEA42,Dempsey,Hello Psycho (Go Away),187
TRAUHWR12903CC82A0,Mechanical Poet,Bubble Bath,247
TRAUHZX128F92EC39B,The Melodians,Rivers Of Babylon,302
TRAUIMP128F92DC604,Jennifer Hudson,The Star-Spangled Banner,337
TRAUIOF128F428F221,Keimzeit,Urwaldnashorn,219
TRAUIOO12903CB33C0,J-Boogie's Dubtronic Science,Alegria Dub feat. Ted De Oliveira,210
TRAUIPY128F4273122,The Toasters,El Chopo,284
TRAUIUP128F4243949,a-ha,Lifelines (demo),218
TRAUIXQ128F4259751,Dead Or Alive,Hooked On Love,156
TRAUJCX128F42811F9,Cage The Elephant,Back Stabbin' Betty,255
TRAUJLB128F9307505,White Skull,Boudicca's Speech,234
TRAUJPR128F92CA3AF,Luther Allison,Mistake,221
TRAUJQL128F4228C71,Leo Kottke,The Driving Of The Year Nail,315
TRAUJVJ128F42440BF,a-ha,Afternoon High - Demo Version,261
TRAUJXH128F4257E85,Primal Fear,Metal is forever,227
TRAUJXN12903CD4C0E,Herbert von Karajan; Berlin Philharmonic Orchestra,"Meditation (From The Opera ""Thais"")",174
TRAUKAH128F1485EAC,Moya Brennan,Tapestry,225
TRAUKCN128F4271AF5,Rosemary Clooney,Suzy Snowflake,221
TRAUKEE128F427EE36,Nobody & Mystic Chords Of Memory,The Long Lost Coyote's Song (When You Hear It Too),241
TRAUKER12903CAF2ED,Maino,Good Shoe,194
TRAUKKZ128F9341A22,Lulu Santos,Mojo (Instrumental),224
TRAUKNY128F4296284,Old Town School Of Folk Music,Join In The Games,183
TRAUKSX128F4234EF1,Clovis,Guardian Angel,202
TRAUKZZ128F933A09C,Bezerra da Silva,As Favelas Que Não Exaltei,210
TRAULCS128F4254CAA,Morgan Heritage,Everything Is Still Everything,134
TRAULEJ128F92E2A47,José Mercé,Columpia Los Corazones (Bambera),232
TRAULQC128F425F230,Sea of Sin,I Live My Life,341
TRAULTL128F92FA6F9,Chris Thile,Panhandle Rag,276
TRAULUB128F4236B05,Joe Lee Wilson,Medley:  Azur Te / Don't The Moon Look Lonesome Shining Through The Trees / Route 66 / Now's The Time / The Blues Ain't Nothin',256
TRAULVY128F9343D18,Jeanette,Easy Dirty Money,240
TRAUMBO128F42A6405,Brahim featuring DJ P2K,Party With Me - featuring DJ P2K,271
TRAUMQN128F931A236,DJ Vadim,Suckas wearing tainted sunglasses,179
TRAUMWA128F427B071,Discipline,Young & Reckless (Album Version),168
TRAUMWO128F9323788,John Patitucci,Mullagh,187
TRAUNEK128F4270B12,Arcade Fire,Neighborhood #3 (Power Out),292
TRAUNFO128F92EC88E,The Umbrella Sequence,This Time We're Positive,220
TRAUNGY12903CC412B,Titán,Space Chemo,214
TRAUNSC128F930C8D0,Funkdoobiest,Superhoes,161
TRAUNSW12903CA815E,Tarot,Pilot of All Dreams,205
TRAUNUB128F93373AA,Brent Dowe,Passion Love,240
TRAUNWP128F146E6D8,Orson,Bright Idea,321
TRAUOCV128F428464E,B R OAD WAY,Caution Wet Floor,252
TRAUODT12903CA6E19,Shirley Brown,If I Were Your Woman,298
TRAUOFO128F92F71D3,Steps,Never Say Never Again,265
TRAUOMY12903CE8685,The Loved Ones,Chicken,214
TRAUOOS128F92ED2CA,Suicidal Romance,Prince of the Darkness,232
TRAUPHW12903CE599C,Thomas Leer,Freidrich Strasse,244
TRAUPIY128F425EF4A,Butane,Long Time,283
TRAUPJB128F42625B8,Steve Tyrell,Someone To Watch Over Me,318
TRAUPJP128F42A4AB0,Alex Baroni,Come Sei E Quello Che Non Sei,247
TRAUPNX128F428F286,Leo Kottke,Death By Reputation,185
TRAUQBO128F92FF305,Jimi Tenor,My Mind,237
TRAUQEV128F9319F49,Blockhead,Good Block Bad Block,327
TRAUQID128F427864F,Bomb,I Loved You Than I Died,285
TRAUQJM128F4277BB9,Blenderhead,Fort Lewis Gun Club Youth Day,210
TRAUQYG128F92F0806,Major Matt Mason USA,It's All You,222
TRAURIV128F9337BE5,Articolo 31,Domani,271
TRAURNN128F92EF1C8,Blackmore's Night,Rainbow Blues,181
TRAURQO128F426932F,Ornette Coleman,All of My Life,304
TRAURXZ128F427E8FD,Tommy McClennan,My Baby's Doggin' Me,192
TRAUSGG128F932519D,Guy J,Mikro,380
TRAUSMT128F9302A7E,Audio Soul Project,Everything Is Alright (Audio Soul Dark Touch),268
TRAUSOL128F93389C4,Eurogliders,Maybe Only I Dream,113
TRAUSRW128F4262F05,Daniele Silvestri,1.000 Euro Al Mese,419
TRAUSVK128F9323795,John Patitucci,Bach Prelude In G Major (From The Cello Suite),321
TRAUSVP128F149AF3D,Enzo Avitabile,Un Amico (2004 Digital Remaster),168
TRAUSWP128F4260CA5,Tiger Lou,The loyal,205
TRAUTFS128F428CE3A,Exposé,You Don't Know What You Got,285
TRAUTGZ128F92F6E88,IIIrd Tyme Out,Medals For Mothers,173
TRAUTHQ128F1469076,The Railway Children,Over And Over (Full Remix),84
TRAUTIX128F42985F7,Tom Robinson Band,Days of Rage,277
TRAUTJX128F92F6B44,Lale Andersen,Sail Away Boy (2008 Digital Remaster),214
TRAUTSW128F427E27A,East West,Breathe,265
TRAUUDH12903CF9010,Tommy Bolin,Lotus,198
TRAUUFH128F4226B3D,The Weathermen,Custom Brain,180
TRAUUNU128F9307EBA,General Degree,Last Night,321
TRAUUTN12903CA8CA6,Machito,Conversation,238
TRAUUUW128F930923A,Adversus,Stirb in mir,244
TRAUUWB12903CD391A,The Wailers,Shanghied,213
TRAUUXR12903CC1EDD,Golden Triangle,Jungle Jim,222
TRAUVBT128F933F94F,El Guincho,Kalise (Tanlines Remix),346
TRAUVDF12903CBCA12,Dagda,Prologue,107
TRAUVFO128EF34E1EF,Ours,Il Était Temps,193
TRAUVGR128F9334B5C,Franco De Vita,Intro,141
TRAUVLY128F92DA990,Archie Edwards,Sittin' On Top Of The World,191
TRAUVMA128F92F0FFE,BloodKin,Last Night Out,198
TRAUVOJ12903CA3C77,The Gourds,Part II - Best of Me,165
TRAUVOX128F427785A,Adalberto Álvarez,Mientes,299
TRAUVRN128E07838DF,Ronan Keating,I Hope You Dance,384
TRAUVTR12903CB43D9,Team Arliss featuring Sheek Louch,Bang Bang,291
TRAUVUW128F92E20E8,The Go-Go's,Stuck In My Car,171
TRAUVVK128F4224BDE,Takka Takka,They Built You Up Too Fast,245
TRAUWGB128F424C8FE,Eric Dolphy,Laura,248
TRAUWGZ128F9320617,The Whitest Boy Alive,Gravity,269
TRAUWMJ128F92F9329,Headscan,Lolife (Resolver),220
TRAUWPC12903CF0183,Extol,Human Frailtie's Grave,403
TRAUWTB128E0791D69,Bryan Adams,What's It Gonna Be,196
TRAUWUV128F93369E2,Barry Biggs,Wide Awake In A Dream,126
TRAUWUX128F92FE41C,Alison Krauss,When You Say Nothing At All,308
TRAUXDX128F934210A,Lemongrass,On The Way,254
TRAUXJB128F92C7E9B,65daysofstatic,The Fall of Math,238
TRAUXUA128F9303F66,Suicidal Romance,Lose Your Fears (radio edit),272
TRAUXUF128F426C0C8,Mariachi Sol de Mexico,Carino Nuevo,226
TRAUXUZ12903CE813F,Teenage Kicks,I Heart Lora Logic,298
TRAUXZY12903CE4255,Turning Point,The Few and the Proud,149
TRAUYAT128F42554AA,The Skillet Lickers,Pass Around the Bottle and We'll All Take a Drink,189
TRAUYGJ128E0798505,Blind Melon,No Rain (2002 Digital Remaster),274
TRAUYHK12903CDD9F1,Compay Segundo,Cuembe Tangana,331
TRAUYHZ128F9335DCB,Willy Chirino (a duo con Celia Cruz),Cuba Que Lindos Son Tus Paisajes,280
TRAUYJF128F4267CFF,Gong,Sold To The Highest Buddha (2004 Digital Remaster),227
TRAUYTQ128F930680F,Spanish Harlem Orchestra,Danzón for My Father,114
TRAUZCE128F4267A9C,David Bromberg,The Holdup,295
TRAUZDH128F42B86F4,Shawn Christopher,Another Sleepless Night,96
TRAUZFC12903D03259,Tastexperience,Forgiven,133
TRAUZJP128F427040B,Adam F,Music in my Mind (Album Version),240
TRAUZST128F92E81BE,Fiction 8,Break the Line,322
TRAVACS128E0789D58,The Redwalls,Falling Down (Explicit),224
TRAVAHG128F428D023,Pink Razors,Dischord Datchord,314
TRAVAJV128F42AA3CE,Members of Mayday,Forward Ever Backward Never,256
TRAVANC128F92EB21F,Sporto Kantès,Surprise,221
TRAVANG12903CC6E6E,Ney Matogrosso,Fosforo Queimado,274
TRAVAPT12903CCFD4E,Arma Blanca,El Musicologo,244
TRAVATJ128E078D74D,Madeleine Peyroux,La Vie En Rose  (LP Version),255
TRAVAXP128F92C5589,Sarah Brightman,Do You Wanna Be Loved?,291
TRAVAZN128F42719C9,Cledus T. Judd,What the *$@#  Did You Say,224
TRAVBFO128F427B701,Chet Baker,Chet (2004 Digital Remaster),207
TRAVBJU128F931786F,The Clancy Brothers and Tommy Makem,Children's Medley,229
TRAVBMS128F1458D8C,Steve Hackett,Give It Away,296
TRAVBQA128F933A494,Leeland,Lift Your Eyes Up,200
TRAVBWV128F92D2531,Eat Static,Dzhopa Dream,164
TRAVBYW128F426D501,Terence Trent D'arby,Are You Happy?,291
TRAVCDD128F425D98E,The Dayton Family,The Journal,261
TRAVCDS128F4234FEB,Roll Deep,Bad Luck,287
TRAVCEW128F4268619,Louisiana Red,Prison Blues #1,221
TRAVCJB12903CC8B5D,Nifelheim,The Final Slaughter,344
TRAVCKY128F4236EBF,Horsepower,Dreams On The Wheels (2006 Digital Remaster),227
TRAVCNI128E0794817,JJ72,Coming Home,324
TRAVCNT128F92F1091,Superdrag,Garmonbozia (LP Version),218
TRAVCUK128EF341404,No More,Schwarzen Mann Gesehn,300
TRAVDFC128F42636AA,Self Scientific,Bonus Track 2,294
TRAVDOK128F424EA5E,Kate Nash,Foundations,164
TRAVDUR128F931A097,Ernestine Anderson,God Bless The Child,325
TRAVDUU128F424D590,Teräsbetoni,Voiman vartijat,249
TRAVDWI12903CA913D,Xavier Cugat,Alma Llanera,186
TRAVDZK12903CCF61B,Royal Crown Revue,Barflies At The Beach (Album Version),271
TRAVEJN128F149E0F6,Sarah,Make You Laugh,164
TRAVEKC128F92D5C73,Los Inquietos,Si La Ves,224
TRAVERI128F42457CB,Army of the Pharaohs,Blue Steel,109
TRAVEUJ128F9332263,Pete and the Pirates,Sonny,335
TRAVEZB128F425B954,Electric Frankenstein,Not This Time,250
TRAVFEP128F93200FC,Shrimp Boat,Van Buren,196
TRAVFPW128F9346CA5,617,Drunk (The Phat Mix),330
TRAVFUU12903CCDE9D,Dudley Perkins,Money,207
TRAVFVI12903CB7B4C,Jesse Saunders featuring Twala Dawn,Excited,244
TRAVGIB128F9349B3F,Jump5,Why Do I Do (Key-E-Premiere Performance Plus w/o Background Vocals),276
TRAVGJU128F4266E8D,James Blood Ulmer,Love Dance Rag,175
TRAVGKH128F4239937,Marcelo,Pa' Lo Congo,241
TRAVGNV128F9334B4B,Goteki,Diatribe,168
TRAVHDM128F4288954,Purple City,Strapped,330
TRAVHGK128F14ADDE0,Donald Lawrence & The Tri-City Singers,In The Presence Of A King,168
TRAVHGK128F9315318,Keny Arkana,Prière,188
TRAVHJA12903CE18F1,Frank Gambale,6.8 Shaker,233
TRAVHKQ128F92CD6B3,Biosphere,Lounge,199
TRAVHPF128F429AA9A,Eddie C. Campbell,Cha Cha in Blues,239
TRAVHUC128F429B62B,Merle Travis,Sixteen Tons,184
TRAVHYF12903CEFB88,Men Of Standard,Always There,258
TRAVIBR128F1473C2E,Os Travessos,A Música que eu toco,242
TRAVIJA128F92E720A,King Tubby,Pain Dub,355
TRAVIMX12903CEB755,Inkubus Sukkubus,Death Comes (The Wedding Night),207
TRAVISG128F932B3FB,DIR EN GREY,艶かしき安息、躊躇いに微笑み,168
TRAVIVN128F42873F4,Chrome,Brain On Scan,263
TRAVIYW128F4277858,Adalberto Álvarez,Te equivocaste,296
TRAVJCU128F428B0DA,Original Broadway Cast Recording;Ross Reimueller,Finale/Thank Heaven For Little Girls (Reprise),308
TRAVJIC128F1469AA7,Bryan Savage,Two Cool,285
TRAVJJI12903CC428A,Craig David,I Heard It Through The Grapevine,241
TRAVJLG128F930B2C3,The Flower Kings,Flora Majora,308
TRAVJMP128F9306FE0,Kojak,Tell Me,218
TRAVJQU12903CA3CD4,Julie Andrews,He Loves and She Loves (from Funny Face),207
TRAVJSK128F9313313,Aubrey,Angel (ANR Club Mix),218
TRAVJUH12903CC06B6,Argent,Liar,218
TRAVJVQ12903CE09BC,Raheem Devaughn,Dr. Cornell West (Intro),250
TRAVJVS128F4251455,Wayne Smith,Like A Dragon,208
TRAVJYT12903D11356,June Carter Cash,Eight More Miles To Louisville,221
TRAVKAK128F426E6C7,Sandy Nelson,In Beat,216
TRAVKIF128F1451AF2,The Hold Steady,Chicago Seemed Tired Last Night,259
TRAVKIR12903CBE25D,Jackie-O Motherfucker,The Grave (VPRO Session),284
TRAVKJW128F421B564,Otis Rush,I Wonder Why (Live),352
TRAVKKE128F429DEFE,Kasso,Brazilian Dancer,238
TRAVKOQ128F9351B59,Jay Reatard,It Aint Gonna Save Me,239
TRAVKWA128F4271E63,Téléphone,Ca C'est Vraiment Toi,201
TRAVLLA128F42948C3,The Nitty Gritty Dirt Band,Mother Of Love (2002 Digital Remaster),250
TRAVLOL128F428206C,The Grassmasters,Play With Fire,215
TRAVMHD128F4279699,Tina Charles,Disco Love,270
TRAVMHQ128F92DE5A4,The Backyardigans,When I'm Booin',113
TRAVMTI128F4231CFF,Preacher,Traffic Jam,305
TRAVMVL128F4271899,Cledus T. Judd,Momma's Boy,250
TRAVNIZ12903CDB1D5,Edge of Sanity,Beyond the Unknown,357
TRAVNKL128F933D1FD,Division Day,Devil Light,196
TRAVNLR128F93433DD,Mallorca Lee,Second Guess,245
TRAVNMB12903CE606A,Kris wadsworth,Jazz Jack,258
TRAVNQX128F4268D40,The Jesus Lizard,And Then The Rain,194
TRAVNRI128F931B140,September,September All Over,228
TRAVOIX128F425792A,Inkubus Sukkubus,Three Women & The Sea,231
TRAVOJJ128F426DE21,George Clinton & the P-funk AllStars,Sick 'em,241
TRAVOLC128F930B2DC,Samael,Illumination,236
TRAVOLK128F147CD94,The Grates,Lies,242
TRAVOOT128F9333D01,Hannah Montana,Let's Do This,220
TRAVORG128F9302C75,Anthony Hamilton,Cool,238
TRAVOWY128F9336628,Eliza Lacerda,"Sim, Foi Você",239
TRAVOYX128F42AB738,Public Relations Exercise,The Centurion,219
TRAVPAT12903CEDCAC,Frankie Bones,The Saga Continues,237
TRAVPGS128F9329A5D,The Riverboat Gamblers,Catch Your Eye,108
TRAVPHZ128F9300DB1,Cursive,The Dirt of the Vineyard,156
TRAVPNW128F93381DE,Lucky Luciano,Man N My City,279
TRAVPOX128F14A0A3F,Blank & Jones,Flying To The Moon (Paffendorf Dub),287
TRAVPRK128F42797F6,Terence Trent D'arby,Undeniably,260
TRAVPTB128F4248442,Remembering Never,Plotting a Revolution in a Minor,298
TRAVPVL128F92FA6C2,Lil' KeKe,What It Do (Feat. Big Pokey & Big Hawk),225
TRAVPVT12903CF4704,Dustin O'Halloran,What Is Unknown,192
TRAVQDQ128F92FBF42,The Riverboat Gamblers,I Get Down,324
TRAVQKR128F935A10E,Jonathan King,Let it all hang out,237
TRAVQLL12903CF225C,Borknagar,Relate (dialogue),339
TRAVQMB128F9315644,Harrison Kennedy,Everybody Gets the Blues,307
TRAVQRL128F93037FF,Ruth Brown,Brown Sugar,262
TRAVRBD12903CF1DFB,Extol,Confession Of Inadequacy,264
TRAVRCV12903CDFBB0,A Small Good Thing,The Horn,299
TRAVRDW128F932657D,Fat Freddy's Drop,The Raft,215
TRAVRET128F422DA1B,The Four Aces,Feelings,293
TRAVRMA128F9323782,Love/Hate,Don't Be Afraid,244
TRAVRNH128F42B85E6,Roch Voisine,Sauve-moi,174
TRAVSEK128F428AB05,Shirley Brown,Move Me - Move Me,275
TRAVSJD12903CB3097,Hey Negrita,Chained,213
TRAVSJZ128F147BE50,Agent Orange,Somebody To Love (Album Version),288
TRAVSNR12903CBBC81,Fauna Flash,Tel Aviv,219
TRAVSPR12903CBC884,General Elektriks,Catch The Bus,225
TRAVSRO12903CBCA6F,Dagda,The Turning Years,249
TRAVSSN128F931C5F6,Grateful Dead,"Dupree's Diamond Blues [Live at Knickerbocker Arena, Albany, NY, March 1990]",355
TRAVTBD12903D078A5,Fabulous Disaster,Star Car,320
TRAVTDJ128F9318DDB,Chapeau Claque,Reykjavik,199
TRAVTGB12903CE5231,daphne,Change,226
TRAVTLK128F93389E4,Eurogliders,Listen,283
TRAVTTJ128F4266D7C,James Blood Ulmer,"Too Lazy To Work, Too Nervous To Steal",274
TRAVUIQ128F4231357,Nena,Lass mich (radio version),125
TRAVUJS128F427A50F,Mike Oldfield,The Tempest,275
TRAVUMJ128F932117E,Support Lesbiens,Sacred Cup,302
TRAVUQU128F933D3FE,Stan Getz,Gone With the Wind,290
TRAVURN12903CD9FCC,Hank Marvin,Tailspin,194
TRAVUTW128F92D821F,Wolfsheim,The Sparrows and the Nightingales,199
TRAVVBT12903CDCEAE,Inked In Blood,Call To Arms,256
TRAVVFG128F14697E9,Steve Hillage,Lunar Musick Suite,268
TRAVVLS128F14A79D6,Ali Hassan Kuban,Gammal,321
TRAVVRJ12903CE4166,Debbie Deane,Sunday Morning Dawn,203
TRAVVSA128F92C9A41,Cimarons,Willin - Original,343
TRAVVTG128F428E8CA,Fist,Fe fi fo fum,300
TRAVVYO12903CAFAD1,The Machines,Over And Out,325
TRAVWCV128F14AA604,Fuckpony,Mafalda,388
TRAVWEK12903D0C756,Niki Haris,Total Love,158
TRAVWGY128F9337BAF,Willy Chirino,El Cantor Del Pueblo,365
TRAVWIE128F149BD15,Mahlathini and The Mahotella Queens,Re Ya Dumedisa,239
TRAVWRR128F933B142,Pigface,War Ich Nicht,277
TRAVXCQ128F92DDE94,Feridun Düzağaç,Kurumus ölüyorken,155
TRAVXDV128F934D9AB,The Young Dubliners,Rosie,189
TRAVXFA128F933B7A3,BloodKin,Night School,252
TRAVXJF12903CF0973,The Clovers,Nip Sip,220
TRAVXOW128F92FB749,Miles Davis,Ah-Leu-Cha,118
TRAVXWY128F42A2689,Zarah Leander,Ich steh' im Regen (aus dem Film 'Zu neuen Ufern'),166
TRAVXZY128F426E5AD,Da Brat,Sittin' On Top Of The World,332
TRAVYFE12903CB52E5,Doctor Rockit,Café De Flore,169
TRAVYPD128F424DB08,The Dreamside,Open your eyes (feat. Rogue) (single version),279
TRAVYTY128F4238850,General Degree,Granny,218
TRAVZGW12903CF2514,Arthur Verocai,Tudo De Bom,146
TRAVZIF128F4295AC2,The Sentinals,Surfin',252
TRAVZKQ128F4291393,Benümb,Division Within Division,257
TRAVZTE128F421C581,Shawn Christopher,Don't Lose The Magic [David Morales Dub],223
TRAVZWM128E079282D,Jurassic 5,Acetate Prophets,130
TRAWAFA128F931B67C,24-7 Spyz,Earth And Sky,203
TRAWAGQ128F932FB1C,Heads Will Roll,Truth In Jest,226
TRAWAJW128F42154AD,Los Suaves,Baby Please don't Go,260
TRAWAUC128F9312676,Mind da Gap,Atitude Construtiva,268
TRAWAUX128F4236BAC,Dubee,"Dubee, Mall & Sleep  (LP Version)",150
TRAWAUZ128F9322AB2,Alvik,beat :: skip (nut'n'berry rmx by prince of tennis),206
TRAWBEL128F427FCBA,Fatty Koo,Fatty Koo,271
TRAWBJQ128F931AC8D,Moses Pelham,Mein Glück,174
TRAWBKL128F932E32A,Viola,My Troubled One,194
TRAWBMA12903CD5422,Tocadisco,Toca 128.0 FM,292
TRAWBNI128F4244271,Veggie Tales (Veggie Tunes),I'm Blue (LP Version),253
TRAWBNU128F9306D69,Kojak,The Truth,371
TRAWBUA128F92F9966,The Monotones,Zombi,215
TRAWBXX12903D099D5,Vlad Topalov,Podnimus Visoko,245
TRAWCBC128F92ECDE9,Kid Cudi,Day 'N' Nite,169
TRAWCCQ12903CD9497,Krishna Das,The Goddess Suite - Mother Song,192
TRAWCCZ128F14A66AB,LCD Soundsystem,Yeah (Pretentious Mix),207
TRAWCHJ128F9359625,Buddy Knox,Party Doll,244
TRAWCLE128F92F7BBD,Karsh Kale,Beautiful (Beat Pharmacy Remix),224
TRAWCLM12903CCABD1,Marc Anthony,Pastourel Delaï L'Aiga - Un jour je m'y promène,313
TRAWCLY128F424835F,Larry Groce,Hickory Dickory Dock/Jack And Jill/Jack Be Nimble (Medley),215
TRAWDAX128F931C5EF,Junior Murvin,Police & Thieves,253
TRAWDEG12903C9A9DB,Aca Lukas,Kuda idu ljudi kao ja,210
TRAWDET128F934FB4E,Pridebowl,Throw In The Towel,193
TRAWDFL128F426B6C1,Brigitte Fontaine,Chat,272
TRAWDKJ128F423A5F3,La Excepción,Gorrion Bernardino (Con Kultama),165
TRAWDMN128F934911B,The Big Bopper,Old Maid,292
TRAWDRH12903CFA586,Boo Williams,teckno drome,220
TRAWDTB12903CB283D,Ha Ha Tonka,Thoreau in the Woods (Album),209
TRAWDUC12903CC51A0,The Commercial Hippies,Loose Control,230
TRAWEFO128F92D816D,Styles of Beyond,Bleach (Instrumental),83
TRAWFEM128F92D95BA,Nnenna Freelon,The Tears Of A Clown,178
TRAWFFR128F9320370,Bobby Sherman,Jingle Bell Rock,234
TRAWFLJ128F4255415,Gerald Albright,About Last Night - LP Version,200
TRAWFRU128F145954F,Betty Carter,Some Other Time,221
TRAWFSN128F9348E3E,Rocío Dúrcal,La Diferencia,267
TRAWGFU128F92DEF4D,Charlie Parker,The Song Is You,301
TRAWGJX128F429A3F0,Equipe 84,La Montagna Sacra,230
TRAWGKQ128F92F8F54,Thyrfing,Celebration of Our Victory,269
TRAWGNH128F42320BB,The End,A Fell Wind,181
TRAWGOW128F149FF8F,Sunbeam,The Beginning,236
TRAWGRW128F4285171,Tiffany,Together Again,289
TRAWGTK128F4268774,Jean-Louis Murat,Le Temps qu'il Ferait,248
TRAWHGD128F9309DF3,The Holloways,Listen,252
TRAWHOC128F933C5A8,Anne Ducros,Faded Roses,292
TRAWHOF128E0788F95,Mis-Teeq,Roll On,253
TRAWHPI128F92D1553,W&W,Countach,156
TRAWHRH128F426BF30,The Clancy Brothers and Tommy Makem,The Parting Glass,288
TRAWHTB128F934B874,Forever In Terror,In The Face Of The Faceless,242
TRAWHVY12903CB098E,David Holmes,Holy Pictures,276
TRAWICE12903CEF144,System F,Needlejuice,188
TRAWIDG128F92EF1EA,Andreas Tilliander,She Don't Cry (feat. New Moscow),188
TRAWIJQ128F145C2C7,Francesco Guccini,Il Vecchio E Il Bambino (Anfiteatro Live),297
TRAWITH128F92FB132,Absolute,Dolphins Cry,250
TRAWJGA128F4269064,Tom Robinson Band,Power In The Darkness,227
TRAWJKM12903CCB49D,Armageddon Dildos,Conversion,202
TRAWJQR128F42A7404,The Weavers,Goodnight Irene,221
TRAWKBW12903CC48FE,The Stills,"Still In Love Song (Extended 12"" Remix)",237
TRAWKCN128F428EC1E,The Blow Monkeys,Choice?,288
TRAWKDK12903CFDA30,Maserati,Show me the Season,166
TRAWKFX128F9317510,Carlo Siliotto,Filodiperle,317
TRAWKPE128F42660AA,Mahalia Jackson,Elijah Rock,197
TRAWLAH128F42A9258,Lalo Schifrin,Chasing The Assassin,165
TRAWLBX128F4257811,Nubla,Nube negrita,260
TRAWLEX128F429DCA3,Prince Po,Hello,279
TRAWLFR12903CDD0DA,Carcass,Exhume To Consume,164
TRAWLKO128F92DCE96,Franco De Vita,Los hijos de la oscuridad,396
TRAWLLK128F932467C,Martyr AD,Statement Of Being Followed By Followers,266
TRAWLOB128F92CF27B,Madeleine Peyroux,Smile,226
TRAWLRV128F92D310E,Georgie Fame,Bidin' My Time,164
TRAWLST128F426F991,Ralph Stanley,Intro,255
TRAWLVG128F426836F,Wanda Jackson,Blue Moon Of Kentucky,242
TRAWMAR128F147A654,Livin' Joy,Don't Stop Movin',258
TRAWMBY128F428CB76,Pig Destroyer,Ghost of a Bullet,185
TRAWMLY128F92CFBBE,Boy George,Turn To Dust,216
TRAWMMY128F427D7E1,Alvin And The Chipmunks,Oh Gondaliero,170
TRAWMQC128F4288D56,George Duke,I C'n Hear That,293
TRAWMUK128F92F5C3F,The Nimmo Brothers,Flat Broke,261
TRAWMYO128F92FAFAB,Retching Red,Blue Kid Trapped in a Red State,212
TRAWNAF128F425CBC9,Sporto Kantès,Sick Song,275
TRAWNKE128F428A2EA,Home Grown,UBotherme,198
TRAWNRK128F92EA2C2,Slayer,Criminally Insane,265
TRAWOCQ128F9306906,Bennie Moten's Kansas City Orchestra,Terrific Stomp,194
TRAWOFR12903CC8876,The Ruins of Beverast,Kain's Countenance Fell,230
TRAWOIA12903C9ACB1,Niño Josele,Pañuelo de Lunares,222
TRAWOIH128F932D547,Al Hibbler,After The Lights Go Down Low,281
TRAWOII128F4237C12,Billy Cobham,Space Lady (LP Version),235
TRAWOJQ128F934B653,The-Dream / Kanye West,Walkin' on the Moon,197
TRAWOUY128F930A959,Sieges Even,Blue Wide Open,248
TRAWPVQ128F42676E9,Jane Olivor,Song For My Father,304
TRAWPXD128F422B642,Across the Border,Patriotic Pack,283
TRAWQEU128F4279159,Gambafreaks Feat. Nicole,Never Say Never,297
TRAWQFC128F42BC796,Third Day,Anything,282
TRAWQFU128F429882B,Turbo Fruits,Ramblin Rose,248
TRAWQIL128F424D8C4,Elmore James,Goodbye Baby,317
TRAWQJN128F4256CEE,Love/Hate,Walk On,229
TRAWQLZ12903CA2E47,Everton Blender,Bring the Kutchie,261
TRAWQNE128F92F3AE0,Karsh Kale,Milan,302
TRAWQYH128F93222C6,Arab on Radar,Piggin' In The Pumpkin Patch,309
TRAWRGZ128F930B12F,Seventeen Evergreen,Constellation,312
TRAWRIC128E078ED37,Limp Bizkit,Take A Look Around,276
TRAWRJP128F42A22B4,David Mead,No One Left To Blame,276
TRAWRMB12903CF28C7,Markus Guentner,Histrionics,189
TRAWRNO128F4253951,Automatic 7,Lucky One,223
TRAWSKO128F422E8E9,Johnny Tillotson,Empty Feeling,295
TRAWSSB128F92F81DB,Alesha Dixon,Breathe Slow,213
TRAWSVD128F92E96B9,Garden of Delight,Downwards To A Sea,232
TRAWSVP12903CC132D,55 Escape,Spoken,235
TRAWSYJ12903CB2E3B,Basic Vocab,Sit On Down,238
TRAWTDG128F93320BD,Echo & The Bunnymen,The Killing Moon,246
TRAWTHB128F1491C02,Sonic Youth,Queen Anne Chair,251
TRAWTHK12903CB0260,Alexander Robotnick,Electrika India,187
TRAWTRZ12903CDE478,Random,Hybrid,266
TRAWUGP128F42BA894,Dan Sartain,Place to Call My Home,273
TRAWUYW128F428E26B,This Mortal Coil,Inch Blue,268
TRAWVBR128F930A60B,Queen,Las Palabras De Amor (The Words Of Love) (2009 Digital Remaster),270
TRAWVVM12903CC9B77,Mortification,The Destroyer Beholds,254
TRAWWPG12903CA769A,Lemongrass,Voyager,335
TRAWWSL128F93112A9,Flatfoot 56,Standing for Nothing,235
TRAWWXI12903CEBCCF,Raw Power,Reptile House,175
TRAWXAV128F93298E8,Art Tatum,Last Goodbye Blues,136
TRAWXFZ128F146C080,Soulsister,All I've Got,318
TRAWXLI128F1463CDB,Robert Plant,Last Time I Saw Her,272
TRAWXLK128F42A44C9,Alex Baroni,Dimmi Che Ci Sei,287
TRAWXQQ128E07856F0,Emmylou Harris,Hickory Wind (Remastered LP Version),227
TRAWXRW128F92F2686,Morrissey,The First Of The Gang To Die,190
TRAWXSC12903D027C2,Warne Marsh,Easy Living,313
TRAWXXJ128F9346F83,Abandin All Hope,The novelty slut song,287
TRAWYLS128F9331A51,Red Flag 77,Paranoia,274
TRAWYQE128F147BB28,Jim Noir,Eanie Meany [Fatboy Slim Remix - radio edit],271
TRAWYVC12903CD9439,F.R. David,Sing In My Life,307
TRAWYXI128F429996C,I-20 featuring Juvenile,Point 'Em Out,332
TRAWZHV128F14ADC8B,Spoken,1992,260
TRAWZMV128F4266823,Stabbing Westward,Drugstore,356
TRAWZYK128F92F88DA,The Count Five,The Morning After,156
TRAXAAK128F92F9AEF,Headscan,Lolife (Remixed By Famine),269
TRAXACX128E0792481,Bryan Adams,The Best Of Me,309
TRAXACY128F424C6D1,Big John Patton,Soul Man,132
TRAXADZ128F92D323F,Forgive Durden,Genesis [Alternate Ending],236
